route,trip,longitude,latitude,scheduled_time,d_time
47, 8005,-122.395135,37.777109,51720,111
47, 8005,-122.41045,37.76967,51240,119
47, 8005,-122.412248,37.807604,49080,84
47, 8005,-122.419482,37.775527,50760,81
47, 8005,-122.420324,37.779687,50580,63
47, 8005,-122.421254,37.784683,50340,125
47, 8005,-122.424104,37.798621,49740,125
47, 8005,-122.425363,37.80468,49500,129
47, 8206,-122.395135,37.777109,52260,80
47, 8206,-122.41045,37.76967,51780,99
47, 8206,-122.412248,37.807604,49620,1
47, 8206,-122.419482,37.775527,51300,148
47, 8206,-122.420324,37.779687,51120,82
47, 8206,-122.421254,37.784683,50880,36
47, 8206,-122.424104,37.798621,50280,45
47, 8206,-122.425363,37.80468,50040,62
47, 8022,-122.395135,37.777109,52800,77
47, 8022,-122.41045,37.76967,52320,96
47, 8022,-122.412248,37.807604,50160,71
47, 8022,-122.419482,37.775527,51840,101
47, 8022,-122.420324,37.779687,51660,110
47, 8022,-122.421254,37.784683,51420,82
47, 8022,-122.424104,37.798621,50820,137
47, 8022,-122.425363,37.80468,50580,-5
47, 8220,-122.395135,37.777109,53340,274
47, 8220,-122.41045,37.76967,52860,188
47, 8220,-122.419482,37.775527,52440,93
47, 8220,-122.420324,37.779687,52260,74
47, 8220,-122.421254,37.784683,52020,160
47, 8220,-122.424104,37.798621,51360,93
47, 8220,-122.425363,37.80468,51120,76
47, 8038,-122.395135,37.777109,53940,88
47, 8038,-122.41045,37.76967,53460,-62
47, 8038,-122.412248,37.807604,51300,-41
47, 8038,-122.419482,37.775527,53040,-160
47, 8038,-122.420324,37.779687,52860,-247
47, 8038,-122.421254,37.784683,52620,-192
47, 8038,-122.424104,37.798621,51960,-39
47, 8038,-122.425363,37.80468,51720,-101
47, 8041,-122.395135,37.777109,54540,423
47, 8041,-122.41045,37.76967,54060,197
47, 8041,-122.412248,37.807604,51900,44
47, 8041,-122.419482,37.775527,53640,115
47, 8041,-122.420324,37.779687,53460,114
47, 8041,-122.421254,37.784683,53220,108
47, 8041,-122.424104,37.798621,52560,211
47, 8041,-122.425363,37.80468,52320,74
47, 8305,-122.395135,37.777109,55140,145
47, 8305,-122.41045,37.76967,54660,126
47, 8305,-122.412248,37.807604,52500,30
47, 8305,-122.419482,37.775527,54240,145
47, 8305,-122.420324,37.779687,54060,168
47, 8305,-122.421254,37.784683,53820,232
47, 8305,-122.424104,37.798621,53160,161
47, 8305,-122.425363,37.80468,52920,113
47, 8045,-122.395135,37.777109,55740,257
47, 8045,-122.41045,37.76967,55260,157
47, 8045,-122.412248,37.807604,53100,37
47, 8045,-122.419482,37.775527,54840,97
47, 8045,-122.420324,37.779687,54660,122
47, 8045,-122.421254,37.784683,54420,157
47, 8045,-122.424104,37.798621,53760,122
47, 8045,-122.425363,37.80468,53520,157
47, 8214,-122.395135,37.777109,56340,881
47, 8214,-122.41045,37.76967,55860,789
47, 8214,-122.412248,37.807604,53700,645
47, 8214,-122.419482,37.775527,55440,782
47, 8214,-122.420324,37.779687,55260,688
47, 8214,-122.421254,37.784683,55020,729
47, 8214,-122.424104,37.798621,54360,776
47, 8214,-122.425363,37.80468,54120,803
47, 8304,-122.395135,37.777109,56940,374
47, 8304,-122.41045,37.76967,56460,390
47, 8304,-122.412248,37.807604,54300,295
47, 8304,-122.419482,37.775527,56040,265
47, 8304,-122.420324,37.779687,55860,188
47, 8304,-122.421254,37.784683,55620,208
47, 8304,-122.424104,37.798621,54960,246
47, 8304,-122.425363,37.80468,54720,248
47, 8036,-122.395135,37.777109,57540,304
47, 8036,-122.41045,37.76967,57060,56
47, 8036,-122.412248,37.807604,54900,27
47, 8036,-122.419482,37.775527,56640,74
47, 8036,-122.420324,37.779687,56460,60
47, 8036,-122.421254,37.784683,56220,105
47, 8036,-122.424104,37.798621,55560,-4
47, 8036,-122.425363,37.80468,55320,12
47, 8005,-122.395135,37.777109,58200,333
47, 8005,-122.41045,37.76967,57660,163
47, 8005,-122.412248,37.807604,55500,21
47, 8005,-122.419482,37.775527,57240,237
47, 8005,-122.420324,37.779687,57060,179
47, 8005,-122.421254,37.784683,56880,171
47, 8005,-122.424104,37.798621,56220,142
47, 8005,-122.425363,37.80468,55980,126
47, 8022,-122.395135,37.777109,59400,-79
47, 8022,-122.41045,37.76967,58860,-48
47, 8022,-122.412248,37.807604,56700,-169
47, 8022,-122.419482,37.775527,58440,-87
47, 8022,-122.420324,37.779687,58260,-153
47, 8022,-122.421254,37.784683,58080,-141
47, 8022,-122.424104,37.798621,57420,-66
47, 8022,-122.425363,37.80468,57180,-127
47, 8220,-122.395135,37.777109,60000,317
47, 8220,-122.41045,37.76967,59460,100
47, 8220,-122.412248,37.807604,57300,3
47, 8220,-122.419482,37.775527,59040,76
47, 8220,-122.420324,37.779687,58860,4
47, 8220,-122.421254,37.784683,58680,-27
47, 8220,-122.424104,37.798621,58020,3
47, 8220,-122.425363,37.80468,57780,29
47, 8038,-122.395135,37.777109,60600,473
47, 8038,-122.41045,37.76967,60060,129
47, 8038,-122.412248,37.807604,57900,32
47, 8038,-122.419482,37.775527,59640,173
47, 8038,-122.420324,37.779687,59460,124
47, 8038,-122.421254,37.784683,59280,82
47, 8038,-122.424104,37.798621,58620,75
47, 8038,-122.425363,37.80468,58380,133
47, 8041,-122.395135,37.777109,61200,44
47, 8041,-122.41045,37.76967,60660,-79
47, 8041,-122.412248,37.807604,58500,-35
47, 8041,-122.419482,37.775527,60240,-65
47, 8041,-122.420324,37.779687,60060,-137
47, 8041,-122.421254,37.784683,59880,-150
47, 8041,-122.424104,37.798621,59220,-64
47, 8041,-122.425363,37.80468,58980,-13
47, 8305,-122.395135,37.777109,61800,55
47, 8305,-122.41045,37.76967,61260,-90
47, 8305,-122.412248,37.807604,59100,55
47, 8305,-122.419482,37.775527,60840,-44
47, 8305,-122.420324,37.779687,60660,-34
47, 8305,-122.421254,37.784683,60480,-33
47, 8305,-122.424104,37.798621,59820,65
47, 8305,-122.425363,37.80468,59580,80
47, 6209,-122.395135,37.777109,62400,-212
47, 8214,-122.395135,37.777109,63000,167
47, 8214,-122.41045,37.76967,62460,175
47, 8214,-122.412248,37.807604,60300,29
47, 8214,-122.419482,37.775527,62040,173
47, 8214,-122.420324,37.779687,61860,131
47, 8214,-122.421254,37.784683,61680,78
47, 8214,-122.424104,37.798621,61020,88
47, 8214,-122.425363,37.80468,60780,75
47, 8304,-122.395135,37.777109,63600,282
47, 8304,-122.41045,37.76967,63060,98
47, 8304,-122.412248,37.807604,60900,-5
47, 8304,-122.419482,37.775527,62640,145
47, 8304,-122.420324,37.779687,62460,76
47, 8304,-122.421254,37.784683,62280,65
47, 8304,-122.424104,37.798621,61620,85
47, 8304,-122.425363,37.80468,61380,55
47, 8036,-122.395135,37.777109,64200,644
47, 8036,-122.41045,37.76967,63660,566
47, 8036,-122.412248,37.807604,61500,176
47, 8036,-122.419482,37.775527,63240,454
47, 8036,-122.420324,37.779687,63060,390
47, 8036,-122.421254,37.784683,62880,375
47, 8036,-122.424104,37.798621,62220,271
47, 8036,-122.425363,37.80468,61980,230
47, 8005,-122.395135,37.777109,64800,69
47, 8005,-122.41045,37.76967,64260,23
47, 8005,-122.412248,37.807604,62100,-2
47, 8005,-122.419482,37.775527,63840,9
47, 8005,-122.420324,37.779687,63660,51
47, 8005,-122.421254,37.784683,63480,18
47, 8005,-122.424104,37.798621,62820,115
47, 8005,-122.425363,37.80468,62580,-16
47, 8022,-122.395135,37.777109,65940,301
47, 8022,-122.41045,37.76967,65400,198
47, 8022,-122.412248,37.807604,63300,71
47, 8022,-122.419482,37.775527,64980,202
47, 8022,-122.420324,37.779687,64800,255
47, 8022,-122.421254,37.784683,64620,238
47, 8022,-122.424104,37.798621,63960,275
47, 8022,-122.425363,37.80468,63720,209
47, 8220,-122.395135,37.777109,66540,950
47, 8220,-122.41045,37.76967,66000,994
47, 8220,-122.412248,37.807604,63900,873
47, 8220,-122.419482,37.775527,65580,993
47, 8220,-122.420324,37.779687,65400,941
47, 8220,-122.421254,37.784683,65220,903
47, 8220,-122.424104,37.798621,64560,913
47, 8220,-122.425363,37.80468,64320,942
47, 8038,-122.395135,37.777109,67140,146
47, 8038,-122.41045,37.76967,66600,325
47, 8038,-122.412248,37.807604,64500,354
47, 8038,-122.419482,37.775527,66180,295
47, 8038,-122.420324,37.779687,66000,224
47, 8038,-122.421254,37.784683,65820,205
47, 8038,-122.424104,37.798621,65160,210
47, 8038,-122.425363,37.80468,64920,295
47, 8041,-122.395135,37.777109,67680,180
47, 8041,-122.41045,37.76967,67140,292
47, 8041,-122.412248,37.807604,65100,238
47, 8041,-122.419482,37.775527,66720,365
47, 8041,-122.420324,37.779687,66540,400
47, 8041,-122.421254,37.784683,66360,404
47, 8041,-122.424104,37.798621,65760,416
47, 8041,-122.425363,37.80468,65520,373
47, 8305,-122.395135,37.777109,68280,-64
47, 8305,-122.41045,37.76967,67740,44
47, 8305,-122.412248,37.807604,65700,40
47, 8305,-122.419482,37.775527,67320,130
47, 8305,-122.420324,37.779687,67140,171
47, 8305,-122.421254,37.784683,66960,131
47, 8305,-122.424104,37.798621,66360,97
47, 8305,-122.425363,37.80468,66120,135
47, 6295,-122.395135,37.777109,68880,-146
47, 6295,-122.41045,37.76967,68340,308
47, 8150,-122.419482,37.775527,67920,-159
47, 8150,-122.420324,37.779687,67740,-55
47, 8150,-122.421254,37.784683,67560,-6
47, 8214,-122.395135,37.777109,69360,35
47, 8214,-122.41045,37.76967,68880,108
47, 8214,-122.412248,37.807604,66900,45
47, 8214,-122.419482,37.775527,68460,159
47, 8214,-122.420324,37.779687,68340,157
47, 8214,-122.421254,37.784683,68160,151
47, 8214,-122.424104,37.798621,67560,151
47, 8214,-122.425363,37.80468,67320,104
47, 8037,-122.395135,37.777109,22740,-1
47, 8037,-122.41045,37.76967,22320,-53
47, 8037,-122.419482,37.775527,21960,-40
47, 8037,-122.420324,37.779687,21840,-87
47, 8037,-122.421254,37.784683,21660,-206
47, 8037,-122.424104,37.798621,21180,-85
47, 8037,-122.425363,37.80468,20940,-39
47, 8228,-122.425363,37.80468,22800,298
47, 8304,-122.395135,37.777109,25380,36
47, 8304,-122.41045,37.76967,24960,-168
47, 8304,-122.419482,37.775527,24600,-96
47, 8304,-122.420324,37.779687,24480,-66
47, 8304,-122.421254,37.784683,24300,-34
47, 8304,-122.424104,37.798621,23820,-57
47, 8321,-122.425363,37.80468,23580,-162
47, 8206,-122.395135,37.777109,25920,137
47, 8206,-122.41045,37.76967,25500,15
47, 8206,-122.412248,37.807604,23760,91
47, 8206,-122.419482,37.775527,25140,100
47, 8206,-122.420324,37.779687,25020,112
47, 8206,-122.421254,37.784683,24840,75
47, 8206,-122.424104,37.798621,24360,40
47, 8206,-122.425363,37.80468,24120,43
47, 8022,-122.395135,37.777109,26640,10
47, 8022,-122.41045,37.76967,26160,-21
47, 8022,-122.412248,37.807604,24300,101
47, 8022,-122.419482,37.775527,25800,-23
47, 8022,-122.420324,37.779687,25620,-133
47, 8022,-122.421254,37.784683,25440,-89
47, 8022,-122.424104,37.798621,24900,-32
47, 8022,-122.425363,37.80468,24660,25
47, 8015,-122.395135,37.777109,27240,328
47, 8015,-122.41045,37.76967,26760,179
47, 8015,-122.412248,37.807604,24900,82
47, 8015,-122.419482,37.775527,26400,198
47, 8015,-122.420324,37.779687,26220,180
47, 8015,-122.421254,37.784683,26040,93
47, 8015,-122.424104,37.798621,25500,16
47, 8015,-122.425363,37.80468,25260,50
47, 8304,-122.395135,37.777109,70080,251
47, 8304,-122.41045,37.76967,69600,190
47, 8304,-122.412248,37.807604,67620,26
47, 8304,-122.419482,37.775527,69180,266
47, 8304,-122.420324,37.779687,69060,272
47, 8304,-122.421254,37.784683,68880,263
47, 8304,-122.424104,37.798621,68280,131
47, 8304,-122.425363,37.80468,68040,56
47, 8005,-122.395135,37.777109,70800,79
47, 8005,-122.41045,37.76967,70320,101
47, 8005,-122.412248,37.807604,68340,141
47, 8005,-122.419482,37.775527,69900,164
47, 8005,-122.420324,37.779687,69780,152
47, 8005,-122.421254,37.784683,69600,119
47, 8005,-122.424104,37.798621,69000,139
47, 8005,-122.425363,37.80468,68760,137
47, 8022,-122.395135,37.777109,72180,588
47, 8022,-122.41045,37.76967,71700,641
47, 8022,-122.412248,37.807604,69780,-19
47, 8022,-122.419482,37.775527,71280,620
47, 8022,-122.420324,37.779687,71160,491
47, 8022,-122.421254,37.784683,70980,446
47, 8022,-122.424104,37.798621,70440,150
47, 8022,-122.425363,37.80468,70200,36
47, 8220,-122.395135,37.777109,72900,376
47, 8220,-122.41045,37.76967,72420,436
47, 8220,-122.412248,37.807604,70500,310
47, 8220,-122.419482,37.775527,72000,513
47, 8220,-122.420324,37.779687,71880,473
47, 8220,-122.421254,37.784683,71700,453
47, 8220,-122.424104,37.798621,71160,422
47, 8220,-122.425363,37.80468,70920,371
47, 8038,-122.395135,37.777109,73560,-92
47, 8038,-122.41045,37.76967,73080,38
47, 8038,-122.412248,37.807604,71220,207
47, 8038,-122.419482,37.775527,72720,63
47, 8038,-122.420324,37.779687,72600,17
47, 8038,-122.421254,37.784683,72420,29
47, 8038,-122.424104,37.798621,71880,158
47, 8038,-122.425363,37.80468,71640,186
47, 8041,-122.395135,37.777109,74340,143
47, 8041,-122.41045,37.76967,73860,147
47, 8041,-122.412248,37.807604,72000,286
47, 8041,-122.419482,37.775527,73500,199
47, 8041,-122.420324,37.779687,73380,135
47, 8041,-122.421254,37.784683,73200,130
47, 8041,-122.424104,37.798621,72660,220
47, 8041,-122.425363,37.80468,72420,262
47, 8214,-122.395135,37.777109,75180,115
47, 8214,-122.41045,37.76967,74700,221
47, 8214,-122.412248,37.807604,72840,18
47, 8214,-122.419482,37.775527,74340,268
47, 8214,-122.420324,37.779687,74220,166
47, 8214,-122.421254,37.784683,74040,148
47, 8214,-122.424104,37.798621,73500,24
47, 8214,-122.425363,37.80468,73260,20
47, 8304,-122.395135,37.777109,76080,230
47, 8304,-122.41045,37.76967,75600,108
47, 8304,-122.412248,37.807604,73740,26
47, 8304,-122.419482,37.775527,75240,156
47, 8304,-122.420324,37.779687,75120,107
47, 8304,-122.421254,37.784683,74940,114
47, 8304,-122.424104,37.798621,74400,93
47, 8304,-122.425363,37.80468,74160,146
47, 8005,-122.395135,37.777109,76980,-90
47, 8005,-122.41045,37.76967,76500,-30
47, 8005,-122.412248,37.807604,74640,-39
47, 8005,-122.419482,37.775527,76140,-38
47, 8005,-122.420324,37.779687,76020,-47
47, 8005,-122.421254,37.784683,75840,-40
47, 8005,-122.424104,37.798621,75300,-26
47, 8005,-122.425363,37.80468,75060,-92
47, 8220,-122.395135,37.777109,78960,22
47, 8220,-122.41045,37.76967,78540,-24
47, 8220,-122.412248,37.807604,76740,3
47, 8220,-122.419482,37.775527,78180,5
47, 8220,-122.420324,37.779687,78060,-48
47, 8220,-122.421254,37.784683,77880,-44
47, 8220,-122.424104,37.798621,77340,34
47, 8220,-122.425363,37.80468,77100,36
47, 8038,-122.395135,37.777109,80160,71
47, 8038,-122.41045,37.76967,79740,25
47, 8038,-122.412248,37.807604,77940,239
47, 8038,-122.419482,37.775527,79380,76
47, 8038,-122.420324,37.779687,79260,40
47, 8038,-122.421254,37.784683,79080,90
47, 8038,-122.424104,37.798621,78540,157
47, 8038,-122.425363,37.80468,78300,209
47, 8214,-122.395135,37.777109,81360,-112
47, 8214,-122.41045,37.76967,80940,-119
47, 8214,-122.412248,37.807604,79140,36
47, 8214,-122.419482,37.775527,80580,2
47, 8214,-122.420324,37.779687,80460,23
47, 8214,-122.421254,37.784683,80280,-27
47, 8214,-122.424104,37.798621,79740,-6
47, 8214,-122.425363,37.80468,79500,27
47, 8304,-122.395135,37.777109,82560,203
47, 8304,-122.41045,37.76967,82140,131
47, 8304,-122.412248,37.807604,80340,176
47, 8304,-122.419482,37.775527,81780,176
47, 8304,-122.420324,37.779687,81660,164
47, 8304,-122.421254,37.784683,81480,175
47, 8304,-122.424104,37.798621,80940,206
47, 8304,-122.425363,37.80468,80700,176
47, 8022,-122.395135,37.777109,83760,-96
47, 8022,-122.41045,37.76967,83340,-41
47, 8022,-122.412248,37.807604,81540,-38
47, 8022,-122.419482,37.775527,82980,28
47, 8022,-122.420324,37.779687,82860,-49
47, 8022,-122.421254,37.784683,82680,-27
47, 8022,-122.424104,37.798621,82140,4
47, 8022,-122.425363,37.80468,81900,37
47, 8220,-122.395135,37.777109,84960,-185
47, 8220,-122.41045,37.76967,84540,-267
47, 8220,-122.412248,37.807604,82740,34
47, 8220,-122.419482,37.775527,84180,-213
47, 8220,-122.420324,37.779687,84060,-252
47, 8220,-122.421254,37.784683,83880,-284
47, 8220,-122.424104,37.798621,83340,-210
47, 8220,-122.425363,37.80468,83100,-94
47, 8038,-122.41045,37.76967,85740,224
47, 8038,-122.412248,37.807604,83940,452
47, 8038,-122.419482,37.775527,85380,328
47, 8038,-122.420324,37.779687,85260,205
47, 8038,-122.421254,37.784683,85080,250
47, 8038,-122.424104,37.798621,84540,383
47, 8038,-122.425363,37.80468,84300,464
47, 8313,-122.395135,37.777109,44161,142
47, 8313,-122.41045,37.76967,43741,117
47, 8214,-122.412248,37.807604,85140,25
47, 8313,-122.419482,37.775527,43381,253
47, 8214,-122.420324,37.779687,43261,43135
47, 8313,-122.421254,37.784683,86280,-42945
47, 8214,-122.424104,37.798621,85740,-128
47, 8214,-122.425363,37.80468,85500,17
47, 8205,-122.395135,37.777109,45241,21
47, 8205,-122.41045,37.76967,44821,-58
47, 8205,-122.419482,37.775527,44461,-36
47, 8205,-122.420324,37.779687,44341,-68
47, 8205,-122.421254,37.784683,44161,-76
47, 8205,-122.424104,37.798621,43681,24
47, 8205,-122.425363,37.80468,43441,84
47, 8304,-122.395135,37.777109,46441,-149
47, 8304,-122.41045,37.76967,46021,-207
47, 8304,-122.412248,37.807604,44341,182
47, 8304,-122.419482,37.775527,45661,-114
47, 8304,-122.420324,37.779687,45541,-104
47, 8304,-122.421254,37.784683,45361,-82
47, 8304,-122.424104,37.798621,44881,63
47, 8304,-122.425363,37.80468,44641,152
47, 8037,-122.395135,37.777109,4441,-262
47, 8037,-122.41045,37.76967,4021,-206
47, 8037,-122.412248,37.807604,45541,-45
47, 8037,-122.419482,37.775527,3661,43033
47, 8037,-122.420324,37.779687,46741,-241
47, 8037,-122.421254,37.784683,46561,-292
47, 8037,-122.424104,37.798621,46081,-155
47, 8037,-122.425363,37.80468,45841,-89
47, 8038,-122.395135,37.777109,27840,10
47, 8038,-122.41045,37.76967,27360,39
47, 8038,-122.412248,37.807604,25500,9
47, 8038,-122.419482,37.775527,27000,-51
47, 8038,-122.420324,37.779687,26820,-53
47, 8038,-122.421254,37.784683,26640,-40
47, 8038,-122.424104,37.798621,26100,13
47, 8038,-122.425363,37.80468,25860,9
47, 8037,-122.395135,37.777109,28500,368
47, 8037,-122.41045,37.76967,28020,197
47, 8037,-122.412248,37.807604,26100,114
47, 8037,-122.419482,37.775527,27600,234
47, 8037,-122.420324,37.779687,27420,234
47, 8037,-122.421254,37.784683,27240,180
47, 8037,-122.424104,37.798621,26700,213
47, 8037,-122.425363,37.80468,26460,121
47, 8305,-122.395135,37.777109,29100,208
47, 8305,-122.41045,37.76967,28620,130
47, 8305,-122.419482,37.775527,28200,101
47, 8305,-122.420324,37.779687,28020,75
47, 8305,-122.421254,37.784683,27840,46
47, 8305,-122.424104,37.798621,27300,-22
47, 8305,-122.425363,37.80468,27060,-19
47, 8307,-122.395135,37.777109,29700,690
47, 8307,-122.41045,37.76967,29220,612
47, 8307,-122.412248,37.807604,27300,201
47, 8307,-122.419482,37.775527,28800,672
47, 8307,-122.420324,37.779687,28620,681
47, 8307,-122.421254,37.784683,28440,615
47, 8307,-122.424104,37.798621,27900,458
47, 8307,-122.425363,37.80468,27660,342
47, 8045,-122.395135,37.777109,30300,982
47, 8045,-122.41045,37.76967,29820,731
47, 8045,-122.412248,37.807604,27900,136
47, 8045,-122.419482,37.775527,29400,700
47, 8045,-122.420324,37.779687,29220,696
47, 8045,-122.421254,37.784683,29040,626
47, 8045,-122.424104,37.798621,28500,384
47, 8045,-122.425363,37.80468,28260,288
47, 8304,-122.395135,37.777109,31500,1486
47, 8304,-122.41045,37.76967,31020,1230
47, 8304,-122.412248,37.807604,29100,899
47, 8304,-122.419482,37.775527,30600,1159
47, 8304,-122.420324,37.779687,30420,1105
47, 8304,-122.421254,37.784683,30240,1126
47, 8304,-122.424104,37.798621,29700,974
47, 8304,-122.425363,37.80468,29460,864
47, 8206,-122.395135,37.777109,32220,-8
47, 8206,-122.41045,37.76967,31680,47
47, 8206,-122.412248,37.807604,29700,154
47, 8206,-122.419482,37.775527,31260,125
47, 8206,-122.420324,37.779687,31080,125
47, 8206,-122.421254,37.784683,30900,149
47, 8206,-122.424104,37.798621,30300,137
47, 8206,-122.425363,37.80468,30060,205
47, 8022,-122.395135,37.777109,32820,552
47, 8022,-122.41045,37.76967,32280,345
47, 8022,-122.412248,37.807604,30300,40
47, 8022,-122.419482,37.775527,31860,310
47, 8022,-122.420324,37.779687,31680,282
47, 8022,-122.421254,37.784683,31500,281
47, 8022,-122.424104,37.798621,30900,161
47, 8022,-122.425363,37.80468,30660,95
47, 8015,-122.395135,37.777109,33420,11
47, 8015,-122.41045,37.76967,32880,104
47, 8015,-122.412248,37.807604,30900,87
47, 8015,-122.419482,37.775527,32460,63
47, 8015,-122.420324,37.779687,32280,93
47, 8015,-122.421254,37.784683,32100,84
47, 8015,-122.424104,37.798621,31500,90
47, 8015,-122.425363,37.80468,31260,80
47, 8038,-122.395135,37.777109,34020,673
47, 8038,-122.41045,37.76967,33480,762
47, 8038,-122.412248,37.807604,31500,76
47, 8038,-122.419482,37.775527,33060,552
47, 8038,-122.420324,37.779687,32880,552
47, 8038,-122.421254,37.784683,32700,518
47, 8038,-122.424104,37.798621,32100,366
47, 8038,-122.425363,37.80468,31860,287
47, 8037,-122.395135,37.777109,34620,244
47, 8037,-122.41045,37.76967,34080,338
47, 8037,-122.412248,37.807604,32100,62
47, 8037,-122.419482,37.775527,33660,395
47, 8037,-122.420324,37.779687,33480,384
47, 8037,-122.421254,37.784683,33300,384
47, 8037,-122.424104,37.798621,32700,148
47, 8037,-122.425363,37.80468,32460,144
47, 8305,-122.395135,37.777109,35220,633
47, 8305,-122.41045,37.76967,34680,640
47, 8305,-122.412248,37.807604,32700,409
47, 8305,-122.419482,37.775527,34260,700
47, 8305,-122.420324,37.779687,34080,700
47, 8305,-122.421254,37.784683,33900,661
47, 8305,-122.424104,37.798621,33300,542
47, 8305,-122.425363,37.80468,33060,510
47, 8307,-122.395135,37.777109,35820,1065
47, 8307,-122.41045,37.76967,35280,1070
47, 8307,-122.412248,37.807604,33300,681
47, 8307,-122.419482,37.775527,34860,1002
47, 8307,-122.420324,37.779687,34680,1002
47, 8307,-122.421254,37.784683,34500,937
47, 8307,-122.424104,37.798621,33900,928
47, 8307,-122.425363,37.80468,33660,852
47, 8045,-122.395135,37.777109,36420,1780
47, 8045,-122.41045,37.76967,35880,1754
47, 8045,-122.419482,37.775527,35460,1705
47, 8045,-122.420324,37.779687,35280,1719
47, 8045,-122.421254,37.784683,35100,1656
47, 8045,-122.424104,37.798621,34500,1721
47, 8045,-122.425363,37.80468,34260,1753
47, 8517,-122.412248,37.807604,34500,-20
47, 8304,-122.41045,37.76967,37080,1837
47, 8304,-122.419482,37.775527,36660,1884
47, 8304,-122.420324,37.779687,36480,1884
47, 8304,-122.421254,37.784683,36300,1869
47, 8304,-122.424104,37.798621,35700,1811
47, 8304,-122.425363,37.80468,35460,1806
47, 8005,-122.395135,37.777109,38760,94
47, 8005,-122.41045,37.76967,38280,1
47, 8005,-122.412248,37.807604,36180,129
47, 8005,-122.419482,37.775527,37860,-13
47, 8005,-122.420324,37.779687,37680,-19
47, 8005,-122.421254,37.784683,37440,-9
47, 8005,-122.424104,37.798621,36840,34
47, 8005,-122.425363,37.80468,36600,63
47, 8036,-122.395135,37.777109,38220,-55
47, 8036,-122.41045,37.76967,37740,-3
47, 8036,-122.412248,37.807604,35640,89
47, 8036,-122.419482,37.775527,37320,61
47, 8036,-122.420324,37.779687,37140,81
47, 8036,-122.421254,37.784683,36900,140
47, 8036,-122.424104,37.798621,36300,123
47, 8036,-122.425363,37.80468,36060,182
47, 8206,-122.41045,37.76967,38820,93
47, 8206,-122.412248,37.807604,36720,262
47, 8206,-122.419482,37.775527,38400,202
47, 8206,-122.420324,37.779687,38220,112
47, 8206,-122.421254,37.784683,37980,186
47, 8206,-122.424104,37.798621,37380,128
47, 8206,-122.425363,37.80468,37140,214
47, 8022,-122.395135,37.777109,39840,-139
47, 8022,-122.41045,37.76967,39360,-166
47, 8022,-122.412248,37.807604,37260,101
47, 8022,-122.419482,37.775527,38940,-127
47, 8022,-122.420324,37.779687,38760,-49
47, 8022,-122.421254,37.784683,38520,-32
47, 8022,-122.424104,37.798621,37920,43
47, 8022,-122.425363,37.80468,37680,72
47, 8015,-122.395135,37.777109,40380,4
47, 8015,-122.41045,37.76967,39900,14
47, 8015,-122.412248,37.807604,37800,20
47, 8015,-122.419482,37.775527,39480,-3
47, 8015,-122.421254,37.784683,39060,81
47, 8015,-122.424104,37.798621,38460,114
47, 8015,-122.425363,37.80468,38220,16
47, 8038,-122.395135,37.777109,40920,-105
47, 8038,-122.41045,37.76967,40440,-99
47, 8038,-122.412248,37.807604,38340,143
47, 8038,-122.419482,37.775527,40020,-79
47, 8038,-122.420324,37.779687,39840,-66
47, 8038,-122.421254,37.784683,39600,-19
47, 8038,-122.424104,37.798621,39000,15
47, 8038,-122.425363,37.80468,38760,91
47, 8037,-122.395135,37.777109,41460,157
47, 8037,-122.41045,37.76967,40980,107
47, 8037,-122.412248,37.807604,38880,24
47, 8037,-122.419482,37.775527,40560,66
47, 8037,-122.420324,37.779687,40380,54
47, 8037,-122.421254,37.784683,40140,76
47, 8037,-122.424104,37.798621,39540,-69
47, 8037,-122.425363,37.80468,39300,-15
47, 8305,-122.395135,37.777109,42000,154
47, 8305,-122.41045,37.76967,41520,100
47, 8305,-122.412248,37.807604,39420,53
47, 8305,-122.419482,37.775527,41100,60
47, 8305,-122.420324,37.779687,40920,36
47, 8305,-122.421254,37.784683,40680,40
47, 8305,-122.424104,37.798621,40080,109
47, 8305,-122.425363,37.80468,39840,138
47, 8307,-122.395135,37.777109,42540,82
47, 8307,-122.41045,37.76967,42060,94
47, 8307,-122.412248,37.807604,39960,132
47, 8307,-122.419482,37.775527,41640,84
47, 8307,-122.420324,37.779687,41460,72
47, 8307,-122.421254,37.784683,41220,42
47, 8307,-122.424104,37.798621,40620,25
47, 8307,-122.425363,37.80468,40380,72
47, 8045,-122.395135,37.777109,43080,44353
47, 8045,-122.41045,37.76967,42600,44299
47, 8045,-122.412248,37.807604,40500,584
47, 8045,-122.419482,37.775527,42180,44257
47, 8045,-122.420324,37.779687,42000,1001
47, 8045,-122.421254,37.784683,41760,921
47, 8045,-122.424104,37.798621,41160,666
47, 8045,-122.425363,37.80468,40920,680
47, 8304,-122.395135,37.777109,87360,353
47, 8304,-122.41045,37.76967,86880,272
47, 8304,-122.412248,37.807604,41580,147
47, 8304,-122.419482,37.775527,86460,274
47, 8304,-122.420324,37.779687,43080,43478
47, 8304,-122.421254,37.784683,42840,332
47, 8304,-122.424104,37.798621,42240,215
47, 8304,-122.425363,37.80468,42000,195
47, 8036,-122.395135,37.777109,87840,62
47, 8036,-122.41045,37.76967,87360,-24
47, 8036,-122.412248,37.807604,42060,-31
47, 8036,-122.419482,37.775527,86940,-108
47, 8036,-122.420324,37.779687,86760,-128
47, 8036,-122.421254,37.784683,86520,-57
47, 8036,-122.424104,37.798621,42720,-93
47, 8036,-122.425363,37.80468,42480,-83
47, 8005,-122.395135,37.777109,88380,400
47, 8005,-122.41045,37.76967,87900,347
47, 8005,-122.412248,37.807604,42600,60
47, 8005,-122.419482,37.775527,87480,185
47, 8005,-122.420324,37.779687,87300,172
47, 8005,-122.421254,37.784683,87060,151
47, 8005,-122.424104,37.798621,86460,78
47, 8005,-122.425363,37.80468,43020,134
47, 8206,-122.395135,37.777109,88980,-92
47, 8206,-122.41045,37.76967,88500,-157
47, 8206,-122.412248,37.807604,43140,1
47, 8206,-122.419482,37.775527,88020,-2
47, 8206,-122.420324,37.779687,87840,-63
47, 8206,-122.421254,37.784683,87600,-68
47, 8206,-122.424104,37.798621,87000,4
47, 8206,-122.425363,37.80468,86760,1
47, 8022,-122.395135,37.777109,89520,-14
47, 8022,-122.41045,37.76967,89040,-7
47, 8022,-122.412248,37.807604,86880,70
47, 8022,-122.419482,37.775527,88560,26
47, 8022,-122.420324,37.779687,88380,-80
47, 8022,-122.421254,37.784683,88140,-20
47, 8022,-122.424104,37.798621,87540,86
47, 8022,-122.425363,37.80468,87300,69
47, 8038,-122.395135,37.777109,47400,77
47, 8038,-122.41045,37.76967,46920,40
47, 8038,-122.412248,37.807604,87960,-48
47, 8038,-122.419482,37.775527,89640,-119
47, 8038,-122.420324,37.779687,89460,-105
47, 8038,-122.421254,37.784683,89220,-72
47, 8038,-122.424104,37.798621,88620,-85
47, 8038,-122.425363,37.80468,88380,-30
47, 8305,-122.395135,37.777109,48480,160
47, 8305,-122.41045,37.76967,48000,153
47, 8305,-122.412248,37.807604,89040,-170
47, 8305,-122.419482,37.775527,47520,130
47, 8305,-122.420324,37.779687,47340,82
47, 8305,-122.421254,37.784683,47100,1
47, 8305,-122.424104,37.798621,89700,-38
47, 8305,-122.425363,37.80468,89460,-63
47, 8307,-122.395135,37.777109,49020,447
47, 8307,-122.41045,37.76967,48540,406
47, 8307,-122.412248,37.807604,89580,141
47, 8307,-122.419482,37.775527,48060,360
47, 8307,-122.420324,37.779687,47880,321
47, 8307,-122.421254,37.784683,47640,341
47, 8307,-122.424104,37.798621,47040,235
47, 8307,-122.425363,37.80468,46800,199
47, 8045,-122.395135,37.777109,49560,-12
47, 8045,-122.41045,37.76967,49080,5
47, 8045,-122.412248,37.807604,46920,96
47, 8045,-122.419482,37.775527,48600,36
47, 8045,-122.420324,37.779687,48420,-27
47, 8045,-122.421254,37.784683,48180,19
47, 8045,-122.424104,37.798621,47580,14
47, 8045,-122.425363,37.80468,47340,11
47, 8214,-122.395135,37.777109,50100,134
47, 8214,-122.41045,37.76967,49620,190
47, 8214,-122.412248,37.807604,47460,350
47, 8214,-122.419482,37.775527,49140,197
47, 8214,-122.420324,37.779687,48960,247
47, 8214,-122.421254,37.784683,48720,254
47, 8214,-122.424104,37.798621,48120,368
47, 8214,-122.425363,37.80468,47880,494
47, 8304,-122.395135,37.777109,50640,-194
47, 8304,-122.41045,37.76967,50160,-186
47, 8304,-122.412248,37.807604,48000,10
47, 8304,-122.419482,37.775527,49680,-148
47, 8304,-122.420324,37.779687,49500,-109
47, 8304,-122.421254,37.784683,49260,-86
47, 8304,-122.424104,37.798621,48660,-36
47, 8304,-122.425363,37.80468,48420,-41
47, 8036,-122.395135,37.777109,51180,46
47, 8036,-122.41045,37.76967,50700,-4
47, 8036,-122.412248,37.807604,48540,60
47, 8036,-122.419482,37.775527,50220,24
47, 8036,-122.420324,37.779687,50040,0
47, 8036,-122.421254,37.784683,49800,61
47, 8036,-122.424104,37.798621,49200,85
47, 8036,-122.425363,37.80468,48960,74
47, 8304,-122.395135,37.777109,25980,784
47, 8304,-122.412248,37.807604,28260,1122
47, 8304,-122.41263,37.77085,26520,724
47, 8304,-122.419194,37.775305,26820,635
47, 8304,-122.42006,37.7799,26940,843
47, 8304,-122.42133,37.78611,27240,864
47, 8304,-122.423863,37.798469,27720,958
47, 8304,-122.425111,37.805037,27960,1010
47, 8206,-122.395135,37.777109,26580,96
47, 8206,-122.412248,37.807604,28980,267
47, 8206,-122.41263,37.77085,27120,177
47, 8206,-122.419194,37.775305,27480,105
47, 8206,-122.42006,37.7799,27600,91
47, 8206,-122.42133,37.78611,27900,66
47, 8206,-122.423863,37.798469,28440,172
47, 8206,-122.425111,37.805037,28680,214
47, 8022,-122.395135,37.777109,27180,110
47, 8022,-122.412248,37.807604,29580,310
47, 8022,-122.41263,37.77085,27720,109
47, 8022,-122.419194,37.775305,28080,81
47, 8022,-122.42006,37.7799,28200,91
47, 8022,-122.42133,37.78611,28500,225
47, 8022,-122.423863,37.798469,29040,310
47, 8022,-122.425111,37.805037,29280,385
47, 8015,-122.395135,37.777109,27780,82
47, 8015,-122.412248,37.807604,30180,201
47, 8015,-122.41263,37.77085,28320,113
47, 8015,-122.419194,37.775305,28680,110
47, 8015,-122.42006,37.7799,28800,256
47, 8015,-122.42133,37.78611,29100,229
47, 8015,-122.423863,37.798469,29640,205
47, 8015,-122.425111,37.805037,29880,174
47, 8038,-122.395135,37.777109,28380,16
47, 8038,-122.412248,37.807604,30780,373
47, 8038,-122.41263,37.77085,28920,54
47, 8038,-122.419194,37.775305,29280,64
47, 8038,-122.42006,37.7799,29400,111
47, 8038,-122.42133,37.78611,29700,142
47, 8038,-122.423863,37.798469,30240,221
47, 8038,-122.425111,37.805037,30480,251
47, 8037,-122.395135,37.777109,28980,114
47, 8037,-122.412248,37.807604,31380,504
47, 8037,-122.41263,37.77085,29520,297
47, 8037,-122.419194,37.775305,29880,365
47, 8037,-122.42006,37.7799,30000,488
47, 8037,-122.42133,37.78611,30300,504
47, 8037,-122.423863,37.798469,30840,525
47, 8037,-122.425111,37.805037,31080,536
47, 8305,-122.395135,37.777109,29580,28
47, 8305,-122.412248,37.807604,32100,775
47, 8305,-122.41263,37.77085,30180,148
47, 8305,-122.419194,37.775305,30540,178
47, 8305,-122.42006,37.7799,30720,232
47, 8305,-122.42133,37.78611,31020,409
47, 8305,-122.423863,37.798469,31560,548
47, 8305,-122.425111,37.805037,31800,641
47, 8307,-122.395135,37.777109,30180,408
47, 8307,-122.412248,37.807604,32700,1244
47, 8307,-122.41263,37.77085,30780,729
47, 8307,-122.419194,37.775305,31140,819
47, 8307,-122.42006,37.7799,31320,912
47, 8307,-122.42133,37.78611,31620,1039
47, 8307,-122.423863,37.798469,32160,1092
47, 8307,-122.425111,37.805037,32400,1085
47, 8045,-122.395135,37.777109,30780,596
47, 8045,-122.412248,37.807604,33360,1236
47, 8045,-122.41263,37.77085,31380,688
47, 8045,-122.419194,37.775305,31740,767
47, 8045,-122.42006,37.7799,31920,826
47, 8045,-122.42133,37.78611,32280,845
47, 8045,-122.423863,37.798469,32820,1067
47, 8045,-122.425111,37.805037,33060,1158
47, 8304,-122.395135,37.777109,31980,1167
47, 8304,-122.412248,37.807604,34560,1269
47, 8304,-122.41263,37.77085,32580,1264
47, 8304,-122.419194,37.775305,32940,1251
47, 8304,-122.42006,37.7799,33120,1249
47, 8304,-122.42133,37.78611,33480,1254
47, 8304,-122.423863,37.798469,34020,1197
47, 8304,-122.425111,37.805037,34260,1179
47, 8036,-122.395135,37.777109,32580,5
47, 8036,-122.412248,37.807604,35160,343
47, 8036,-122.41263,37.77085,33180,-36
47, 8036,-122.419194,37.775305,33540,-1
47, 8036,-122.42006,37.7799,33720,29
47, 8036,-122.42133,37.78611,34080,10
47, 8036,-122.423863,37.798469,34620,29
47, 8036,-122.425111,37.805037,34860,25
47, 8206,-122.395135,37.777109,33180,66
47, 8206,-122.412248,37.807604,35760,-128
47, 8206,-122.41263,37.77085,33780,-22
47, 8206,-122.419194,37.775305,34140,0
47, 8206,-122.42006,37.7799,34320,-38
47, 8206,-122.42133,37.78611,34680,-128
47, 8206,-122.423863,37.798469,35220,-73
47, 8206,-122.425111,37.805037,35460,-76
47, 8022,-122.395135,37.777109,33780,122
47, 8022,-122.412248,37.807604,36360,371
47, 8022,-122.41263,37.77085,34380,297
47, 8022,-122.419194,37.775305,34740,329
47, 8022,-122.42006,37.7799,34920,383
47, 8022,-122.42133,37.78611,35280,465
47, 8022,-122.423863,37.798469,35820,403
47, 8022,-122.425111,37.805037,36060,370
47, 8015,-122.395135,37.777109,34380,49
47, 8015,-122.412248,37.807604,36960,106
47, 8015,-122.41263,37.77085,34980,35
47, 8015,-122.419194,37.775305,35340,30
47, 8015,-122.42006,37.7799,35520,50
47, 8015,-122.42133,37.78611,35880,23
47, 8015,-122.423863,37.798469,36420,-40
47, 8015,-122.425111,37.805037,36660,-7
47, 8038,-122.395135,37.777109,34980,122
47, 8038,-122.412248,37.807604,37560,464
47, 8038,-122.41263,37.77085,35580,53
47, 8038,-122.419194,37.775305,35940,270
47, 8038,-122.42006,37.7799,36120,518
47, 8038,-122.42133,37.78611,36480,554
47, 8038,-122.423863,37.798469,37020,506
47, 8038,-122.425111,37.805037,37260,499
47, 8037,-122.395135,37.777109,35580,86
47, 8037,-122.412248,37.807604,38160,176
47, 8037,-122.41263,37.77085,36180,114
47, 8037,-122.419194,37.775305,36540,134
47, 8037,-122.42006,37.7799,36720,230
47, 8037,-122.42133,37.78611,37080,204
47, 8037,-122.423863,37.798469,37620,171
47, 8037,-122.425111,37.805037,37860,144
47, 8305,-122.395135,37.777109,36120,57
47, 8305,-122.412248,37.807604,38700,40
47, 8305,-122.41263,37.77085,36720,-16
47, 8305,-122.419194,37.775305,37080,-84
47, 8305,-122.42006,37.7799,37260,3
47, 8305,-122.42133,37.78611,37620,-72
47, 8305,-122.423863,37.798469,38160,-50
47, 8305,-122.425111,37.805037,38400,-29
47, 8206,-122.395135,37.777109,52800,22
47, 8206,-122.412248,37.807604,55380,440
47, 8206,-122.41263,37.77085,53400,66
47, 8206,-122.419194,37.775305,53820,38
47, 8206,-122.42006,37.7799,54060,166
47, 8206,-122.42133,37.78611,54360,354
47, 8206,-122.423863,37.798469,54840,390
47, 8206,-122.425111,37.805037,55080,419
47, 8022,-122.395135,37.777109,53340,-49
47, 8022,-122.412248,37.807604,55920,-81
47, 8022,-122.41263,37.77085,53940,-109
47, 8022,-122.419194,37.775305,54360,-17
47, 8022,-122.42006,37.7799,54540,-13
47, 8022,-122.42133,37.78611,54840,-29
47, 8022,-122.423863,37.798469,55320,-96
47, 8022,-122.425111,37.805037,55560,-71
47, 8220,-122.395135,37.777109,53940,-86
47, 8220,-122.412248,37.807604,56520,-27
47, 8220,-122.41263,37.77085,54540,-150
47, 8220,-122.419194,37.775305,54960,-48
47, 8220,-122.42006,37.7799,55140,-46
47, 8220,-122.42133,37.78611,55440,-9
47, 8220,-122.423863,37.798469,55920,76
47, 8220,-122.425111,37.805037,56160,78
47, 8038,-122.395135,37.777109,54540,-109
47, 8038,-122.412248,37.807604,57120,-8
47, 8038,-122.41263,37.77085,55140,-33
47, 8038,-122.419194,37.775305,55560,-6
47, 8038,-122.42006,37.7799,55740,111
47, 8038,-122.42133,37.78611,56040,201
47, 8038,-122.423863,37.798469,56520,207
47, 8038,-122.425111,37.805037,56760,116
47, 8041,-122.395135,37.777109,55140,94
47, 8041,-122.412248,37.807604,57720,433
47, 8041,-122.41263,37.77085,55740,246
47, 8041,-122.419194,37.775305,56160,300
47, 8041,-122.42006,37.7799,56340,325
47, 8041,-122.42133,37.78611,56640,393
47, 8041,-122.423863,37.798469,57120,392
47, 8041,-122.425111,37.805037,57360,413
47, 8305,-122.395135,37.777109,55740,-95
47, 8305,-122.412248,37.807604,58320,-43
47, 8305,-122.41263,37.77085,56340,45
47, 8305,-122.419194,37.775305,56760,35
47, 8305,-122.42006,37.7799,56940,12
47, 8305,-122.42133,37.78611,57240,-53
47, 8305,-122.423863,37.798469,57720,-5
47, 8305,-122.425111,37.805037,57960,-76
47, 8045,-122.395135,37.777109,56340,-13
47, 8045,-122.412248,37.807604,58920,-113
47, 8045,-122.41263,37.77085,56940,27
47, 8045,-122.419194,37.775305,57360,-104
47, 8045,-122.42006,37.7799,57540,-135
47, 8045,-122.42133,37.78611,57840,-149
47, 8045,-122.423863,37.798469,58320,-56
47, 8045,-122.425111,37.805037,58560,-45
47, 8214,-122.395135,37.777109,56940,423
47, 8214,-122.412248,37.807604,59520,287
47, 8214,-122.41263,37.77085,57540,339
47, 8214,-122.419194,37.775305,57960,371
47, 8214,-122.42006,37.7799,58140,376
47, 8214,-122.42133,37.78611,58440,441
47, 8214,-122.423863,37.798469,58920,331
47, 8214,-122.425111,37.805037,59160,340
47, 8304,-122.395135,37.777109,57540,20
47, 8304,-122.412248,37.807604,60120,41
47, 8304,-122.41263,37.77085,58140,109
47, 8304,-122.419194,37.775305,58560,33
47, 8304,-122.42006,37.7799,58740,51
47, 8304,-122.42133,37.78611,59040,11
47, 8304,-122.423863,37.798469,59520,79
47, 8304,-122.425111,37.805037,59760,23
47, 8036,-122.395135,37.777109,58140,-47
47, 8036,-122.412248,37.807604,60720,267
47, 8036,-122.41263,37.77085,58740,193
47, 8036,-122.419194,37.775305,59160,127
47, 8036,-122.42006,37.7799,59340,125
47, 8036,-122.42133,37.78611,59640,195
47, 8036,-122.423863,37.798469,60120,197
47, 8036,-122.425111,37.805037,60360,227
47, 8005,-122.395135,37.777109,58740,21
47, 8005,-122.412248,37.807604,61320,-187
47, 8005,-122.41263,37.77085,59340,60
47, 8005,-122.419194,37.775305,59760,-28
47, 8005,-122.42006,37.7799,59940,-29
47, 8005,-122.42133,37.78611,60240,-63
47, 8005,-122.423863,37.798469,60720,-96
47, 8005,-122.425111,37.805037,60960,-94
47, 8022,-122.395135,37.777109,59940,-259
47, 8022,-122.412248,37.807604,62520,-230
47, 8022,-122.41263,37.77085,60540,-499
47, 8022,-122.419194,37.775305,60960,-478
47, 8022,-122.42006,37.7799,61140,-372
47, 8022,-122.42133,37.78611,61440,-228
47, 8022,-122.423863,37.798469,61920,-146
47, 8022,-122.425111,37.805037,62160,-160
47, 8220,-122.395135,37.777109,60540,3
47, 8220,-122.412248,37.807604,63180,337
47, 8220,-122.41263,37.77085,61200,63
47, 8220,-122.419194,37.775305,61620,253
47, 8220,-122.42006,37.7799,61800,252
47, 8220,-122.42133,37.78611,62100,318
47, 8220,-122.423863,37.798469,62580,273
47, 8220,-122.425111,37.805037,62820,354
47, 8038,-122.395135,37.777109,61140,293
47, 8038,-122.412248,37.807604,63780,443
47, 8038,-122.41263,37.77085,61800,314
47, 8038,-122.419194,37.775305,62220,335
47, 8038,-122.42006,37.7799,62400,384
47, 8038,-122.42133,37.78611,62700,495
47, 8038,-122.423863,37.798469,63180,552
47, 8038,-122.425111,37.805037,63420,467
47, 8041,-122.395135,37.777109,61740,-29
47, 8041,-122.412248,37.807604,64380,327
47, 8041,-122.41263,37.77085,62400,80
47, 8041,-122.419194,37.775305,62820,65
47, 8041,-122.42006,37.7799,63000,234
47, 8041,-122.42133,37.78611,63300,309
47, 8041,-122.423863,37.798469,63780,312
47, 8041,-122.425111,37.805037,64020,283
47, 8305,-122.395135,37.777109,62340,-35
47, 8305,-122.412248,37.807604,64980,-140
47, 8305,-122.41263,37.77085,63000,-4
47, 8305,-122.419194,37.775305,63420,-52
47, 8305,-122.42006,37.7799,63600,-20
47, 8305,-122.42133,37.78611,63900,-50
47, 8305,-122.423863,37.798469,64380,9
47, 8305,-122.425111,37.805037,64620,-74
47, 8214,-122.395135,37.777109,63540,5
47, 8214,-122.412248,37.807604,66180,516
47, 8214,-122.41263,37.77085,64200,179
47, 8214,-122.419194,37.775305,64620,148
47, 8214,-122.42006,37.7799,64800,261
47, 8214,-122.42133,37.78611,65100,430
47, 8214,-122.423863,37.798469,65580,556
47, 8214,-122.425111,37.805037,65820,590
47, 8304,-122.395135,37.777109,64140,14
47, 8304,-122.412248,37.807604,66780,37
47, 8304,-122.41263,37.77085,64800,93
47, 8304,-122.419194,37.775305,65220,-41
47, 8304,-122.42006,37.7799,65400,85
47, 8304,-122.42133,37.78611,65700,71
47, 8304,-122.423863,37.798469,66180,96
47, 8304,-122.425111,37.805037,66420,9
47, 8036,-122.395135,37.777109,64740,156
47, 8036,-122.412248,37.807604,67320,360
47, 8036,-122.41263,37.77085,65400,220
47, 8036,-122.419194,37.775305,65760,285
47, 8036,-122.42006,37.7799,65940,265
47, 8036,-122.42133,37.78611,66240,310
47, 8036,-122.423863,37.798469,66720,444
47, 8036,-122.425111,37.805037,66960,454
47, 8005,-122.395135,37.777109,65340,47
47, 8005,-122.412248,37.807604,67920,-208
47, 8005,-122.41263,37.77085,66000,-39
47, 8005,-122.419194,37.775305,66360,-39
47, 8005,-122.42006,37.7799,66540,-24
47, 8005,-122.42133,37.78611,66840,-69
47, 8005,-122.423863,37.798469,67320,-50
47, 8005,-122.425111,37.805037,67560,-118
47, 8022,-122.395135,37.777109,66540,-199
47, 8022,-122.412248,37.807604,69120,-439
47, 8022,-122.41263,37.77085,67200,-319
47, 8022,-122.419194,37.775305,67560,-413
47, 8022,-122.42006,37.7799,67740,-315
47, 8022,-122.42133,37.78611,68040,-304
47, 8022,-122.423863,37.798469,68520,-182
47, 8022,-122.425111,37.805037,68760,-271
47, 8220,-122.395135,37.777109,67200,314
47, 8220,-122.412248,37.807604,69780,303
47, 8220,-122.41263,37.77085,67860,269
47, 8220,-122.419194,37.775305,68220,288
47, 8220,-122.42006,37.7799,68400,209
47, 8220,-122.42133,37.78611,68700,259
47, 8220,-122.423863,37.798469,69180,427
47, 8220,-122.425111,37.805037,69420,393
47, 8307,-122.395135,37.777109,49560,21
47, 8307,-122.412248,37.807604,52200,26
47, 8307,-122.41263,37.77085,50160,63
47, 8307,-122.419194,37.775305,50580,16
47, 8307,-122.42006,37.7799,50820,10
47, 8307,-122.42133,37.78611,51180,-49
47, 8307,-122.423863,37.798469,51660,-19
47, 8307,-122.425111,37.805037,51900,-49
47, 8045,-122.395135,37.777109,50100,-24
47, 8045,-122.412248,37.807604,52740,50
47, 8045,-122.41263,37.77085,50700,-83
47, 8045,-122.419194,37.775305,51120,-43
47, 8045,-122.42006,37.7799,51360,-2
47, 8045,-122.42133,37.78611,51720,-62
47, 8045,-122.423863,37.798469,52200,-20
47, 8045,-122.425111,37.805037,52440,-40
47, 8214,-122.395135,37.777109,50640,104
47, 8214,-122.412248,37.807604,53280,-181
47, 8214,-122.41263,37.77085,51240,52
47, 8214,-122.419194,37.775305,51660,4
47, 8214,-122.42006,37.7799,51900,4
47, 8214,-122.42133,37.78611,52260,-134
47, 8214,-122.423863,37.798469,52740,-160
47, 8214,-122.425111,37.805037,52980,-179
47, 8304,-122.395135,37.777109,51180,13
47, 8304,-122.412248,37.807604,53820,-27
47, 8304,-122.41263,37.77085,51780,50
47, 8304,-122.419194,37.775305,52200,35
47, 8304,-122.42006,37.7799,52440,-87
47, 8304,-122.42133,37.78611,52800,-95
47, 8304,-122.423863,37.798469,53280,-127
47, 8304,-122.425111,37.805037,53520,-140
47, 8036,-122.395135,37.777109,51720,30
47, 8036,-122.412248,37.807604,54300,60
47, 8036,-122.41263,37.77085,52320,132
47, 8036,-122.419194,37.775305,52740,49
47, 8036,-122.42006,37.7799,52980,7
47, 8036,-122.42133,37.78611,53280,42
47, 8036,-122.423863,37.798469,53760,35
47, 8036,-122.425111,37.805037,54000,12
47, 8005,-122.395135,37.777109,52260,21
47, 8005,-122.412248,37.807604,54840,-23
47, 8005,-122.41263,37.77085,52860,-16
47, 8005,-122.419194,37.775305,53280,-109
47, 8005,-122.42006,37.7799,53520,-145
47, 8005,-122.42133,37.78611,53820,-119
47, 8005,-122.423863,37.798469,54300,-78
47, 8005,-122.425111,37.805037,54540,-54
47, 8022,-122.412248,37.807604,23700,272
47, 8022,-122.41263,37.77085,22080,229
47, 8022,-122.419194,37.775305,22380,207
47, 8022,-122.42006,37.7799,22500,197
47, 8022,-122.42133,37.78611,22740,282
47, 8022,-122.423863,37.798469,23160,379
47, 8022,-122.425111,37.805037,23400,324
47, 8015,-122.412248,37.807604,24480,318
47, 8015,-122.41263,37.77085,22860,100
47, 8015,-122.419194,37.775305,23160,61
47, 8015,-122.42006,37.7799,23280,79
47, 8015,-122.42133,37.78611,23520,221
47, 8015,-122.423863,37.798469,23940,304
47, 8015,-122.425111,37.805037,24180,305
47, 8038,-122.412248,37.807604,25080,264
47, 8038,-122.419194,37.775305,23760,98
47, 8038,-122.42006,37.7799,23880,123
47, 8038,-122.42133,37.78611,24120,163
47, 8038,-122.423863,37.798469,24540,359
47, 8038,-122.425111,37.805037,24780,313
47, 8037,-122.395135,37.777109,23580,63
47, 8037,-122.412248,37.807604,25680,-6
47, 8037,-122.41263,37.77085,24060,62
47, 8037,-122.419194,37.775305,24360,22
47, 8037,-122.42006,37.7799,24480,48
47, 8037,-122.42133,37.78611,24720,42
47, 8037,-122.423863,37.798469,25140,120
47, 8037,-122.425111,37.805037,25380,50
47, 8307,-122.395135,37.777109,24180,247
47, 8307,-122.412248,37.807604,26340,451
47, 8307,-122.41263,37.77085,24660,268
47, 8307,-122.419194,37.775305,24960,230
47, 8307,-122.42006,37.7799,25080,286
47, 8307,-122.42133,37.78611,25380,312
47, 8307,-122.423863,37.798469,25800,402
47, 8307,-122.425111,37.805037,26040,439
47, 8045,-122.412248,37.807604,26940,331
47, 8045,-122.41263,37.77085,25260,118
47, 8045,-122.419194,37.775305,25560,113
47, 8045,-122.42006,37.7799,25680,165
47, 8045,-122.42133,37.78611,25980,192
47, 8045,-122.423863,37.798469,26400,293
47, 8045,-122.425111,37.805037,26640,319
47, 6293,-122.42006,37.7799,26340,33
47, 8307,-122.395135,37.777109,36600,514
47, 8307,-122.412248,37.807604,39240,582
47, 8307,-122.41263,37.77085,37200,504
47, 8307,-122.419194,37.775305,37620,423
47, 8307,-122.42006,37.7799,37860,391
47, 8307,-122.42133,37.78611,38220,406
47, 8307,-122.423863,37.798469,38700,456
47, 8307,-122.425111,37.805037,38940,565
47, 8045,-122.395135,37.777109,37140,1054
47, 8045,-122.412248,37.807604,39780,1189
47, 8045,-122.41263,37.77085,37740,1086
47, 8045,-122.419194,37.775305,38160,1206
47, 8045,-122.42006,37.7799,38400,1108
47, 8045,-122.42133,37.78611,38760,986
47, 8045,-122.423863,37.798469,39240,1060
47, 8045,-122.425111,37.805037,39480,1098
47, 8304,-122.395135,37.777109,38220,1345
47, 8304,-122.412248,37.807604,40860,743
47, 8304,-122.41263,37.77085,38820,1173
47, 8304,-122.419194,37.775305,39240,1053
47, 8304,-122.42006,37.7799,39480,940
47, 8304,-122.42133,37.78611,39840,695
47, 8304,-122.423863,37.798469,40320,744
47, 8304,-122.425111,37.805037,40560,702
47, 8036,-122.395135,37.777109,38760,144
47, 8036,-122.412248,37.807604,41400,105
47, 8036,-122.41263,37.77085,39360,126
47, 8036,-122.419194,37.775305,39780,-19
47, 8036,-122.42006,37.7799,40020,-61
47, 8036,-122.42133,37.78611,40380,-118
47, 8036,-122.423863,37.798469,40860,62
47, 8036,-122.425111,37.805037,41100,35
47, 8005,-122.395135,37.777109,39300,241
47, 8005,-122.412248,37.807604,41940,416
47, 8005,-122.41263,37.77085,39900,338
47, 8005,-122.419194,37.775305,40320,332
47, 8005,-122.42006,37.7799,40560,298
47, 8005,-122.42133,37.78611,40920,244
47, 8005,-122.423863,37.798469,41400,269
47, 8005,-122.425111,37.805037,41640,332
47, 8206,-122.395135,37.777109,39840,202
47, 8206,-122.412248,37.807604,42480,-132
47, 8206,-122.41263,37.77085,40440,102
47, 8206,-122.419194,37.775305,40860,92
47, 8206,-122.42006,37.7799,41100,13
47, 8206,-122.42133,37.78611,41460,-68
47, 8206,-122.423863,37.798469,41940,-74
47, 8206,-122.425111,37.805037,42180,-167
47, 8022,-122.395135,37.777109,40380,131
47, 8022,-122.412248,37.807604,43020,-45
47, 8022,-122.41263,37.77085,40980,71
47, 8022,-122.419194,37.775305,41400,-24
47, 8022,-122.42006,37.7799,41640,-18
47, 8022,-122.42133,37.78611,42000,-49
47, 8022,-122.423863,37.798469,42480,-39
47, 8022,-122.425111,37.805037,42720,-108
47, 8015,-122.395135,37.777109,40920,-40
47, 8015,-122.412248,37.807604,86760,-70
47, 8015,-122.41263,37.77085,41520,-10
47, 8015,-122.419194,37.775305,41940,-4
47, 8015,-122.42006,37.7799,42180,-40
47, 8015,-122.42133,37.78611,42540,-105
47, 8015,-122.423863,37.798469,43020,-110
47, 8015,-122.425111,37.805037,86460,-43299
47, 8038,-122.395135,37.777109,41460,-194
47, 8038,-122.412248,37.807604,87300,-81
47, 8038,-122.41263,37.77085,42060,-75
47, 8038,-122.419194,37.775305,42480,-88
47, 8038,-122.42006,37.7799,42720,-66
47, 8038,-122.42133,37.78611,43080,-127
47, 8038,-122.423863,37.798469,86760,-115
47, 8038,-122.425111,37.805037,87000,-113
47, 8037,-122.395135,37.777109,42000,-19
47, 8037,-122.412248,37.807604,87840,144
47, 8037,-122.41263,37.77085,42600,26
47, 8037,-122.419194,37.775305,43020,42
47, 8037,-122.42006,37.7799,86460,5
47, 8037,-122.42133,37.78611,86820,54
47, 8037,-122.423863,37.798469,87300,61
47, 8037,-122.425111,37.805037,87540,75
47, 8305,-122.395135,37.777109,42540,101
47, 8305,-122.412248,37.807604,88380,40
47, 8305,-122.41263,37.77085,43140,43300
47, 8305,-122.419194,37.775305,86760,103
47, 8305,-122.42006,37.7799,87000,72
47, 8305,-122.42133,37.78611,87360,70
47, 8305,-122.423863,37.798469,87840,74
47, 8305,-122.425111,37.805037,88080,70
47, 8307,-122.395135,37.777109,43080,18
47, 8307,-122.412248,37.807604,88920,205
47, 8307,-122.41263,37.77085,86880,-55
47, 8307,-122.419194,37.775305,87300,-67
47, 8307,-122.42006,37.7799,87540,-23
47, 8307,-122.42133,37.78611,87900,-74
47, 8307,-122.423863,37.798469,88380,-18
47, 8307,-122.425111,37.805037,88620,11
47, 8045,-122.395135,37.777109,86820,635
47, 8045,-122.412248,37.807604,89460,437
47, 8045,-122.41263,37.77085,87420,569
47, 8045,-122.419194,37.775305,87840,502
47, 8045,-122.42006,37.7799,88080,486
47, 8045,-122.42133,37.78611,88440,386
47, 8045,-122.423863,37.798469,88920,317
47, 8045,-122.425111,37.805037,89160,312
47, 8214,-122.395135,37.777109,87360,-9
47, 8214,-122.412248,37.807604,46800,43199
47, 8214,-122.41263,37.77085,87960,-6
47, 8214,-122.419194,37.775305,88380,-186
47, 8214,-122.42006,37.7799,88620,-134
47, 8214,-122.42133,37.78611,88980,-189
47, 8214,-122.423863,37.798469,89460,-98
47, 8214,-122.425111,37.805037,89700,-86
47, 8304,-122.395135,37.777109,87900,77
47, 8304,-122.412248,37.807604,47340,294
47, 8304,-122.41263,37.77085,88500,84
47, 8304,-122.419194,37.775305,88920,99
47, 8304,-122.42006,37.7799,89160,146
47, 8304,-122.42133,37.78611,89520,144
47, 8304,-122.423863,37.798469,46800,252
47, 8304,-122.425111,37.805037,47040,257
47, 8036,-122.395135,37.777109,88440,-39
47, 8036,-122.412248,37.807604,47880,-93
47, 8036,-122.41263,37.77085,89040,-30
47, 8036,-122.419194,37.775305,89460,-45
47, 8036,-122.42006,37.7799,89700,-150
47, 8036,-122.42133,37.78611,46860,42969
47, 8036,-122.423863,37.798469,47340,-225
47, 8036,-122.425111,37.805037,47580,-226
47, 8005,-122.395135,37.777109,88980,37
47, 8005,-122.412248,37.807604,48420,351
47, 8005,-122.41263,37.77085,89580,51
47, 8005,-122.419194,37.775305,46800,5
47, 8005,-122.42006,37.7799,47040,-52
47, 8005,-122.42133,37.78611,47400,-91
47, 8005,-122.423863,37.798469,47880,246
47, 8005,-122.425111,37.805037,48120,248
47, 8206,-122.395135,37.777109,89520,147
47, 8206,-122.412248,37.807604,48960,150
47, 8206,-122.41263,37.77085,46920,98
47, 8206,-122.419194,37.775305,47340,62
47, 8206,-122.42006,37.7799,47580,-9
47, 8206,-122.42133,37.78611,47940,-25
47, 8206,-122.423863,37.798469,48420,117
47, 8206,-122.425111,37.805037,48660,101
47, 8022,-122.395135,37.777109,46860,82
47, 8022,-122.412248,37.807604,49500,-259
47, 8022,-122.41263,37.77085,47460,-115
47, 8022,-122.419194,37.775305,47880,-117
47, 8022,-122.42006,37.7799,48120,-190
47, 8022,-122.42133,37.78611,48480,-212
47, 8022,-122.423863,37.798469,48960,-59
47, 8022,-122.425111,37.805037,49200,-127
47, 8038,-122.395135,37.777109,47940,-64
47, 8038,-122.412248,37.807604,50580,437
47, 8038,-122.41263,37.77085,48540,238
47, 8038,-122.419194,37.775305,48960,304
47, 8038,-122.42006,37.7799,49200,378
47, 8038,-122.42133,37.78611,49560,362
47, 8038,-122.423863,37.798469,50040,341
47, 8038,-122.425111,37.805037,50280,326
47, 8041,-122.412248,37.807604,51120,14
47, 8041,-122.41263,37.77085,49080,-60
47, 8041,-122.419194,37.775305,49500,-99
47, 8041,-122.42006,37.7799,49740,-109
47, 8041,-122.42133,37.78611,50100,-136
47, 8041,-122.423863,37.798469,50580,-20
47, 8041,-122.425111,37.805037,50820,-9
47, 8305,-122.395135,37.777109,49020,-20
47, 8305,-122.412248,37.807604,51660,207
47, 8305,-122.41263,37.77085,49620,-57
47, 8305,-122.419194,37.775305,50040,92
47, 8305,-122.42006,37.7799,50280,188
47, 8305,-122.42133,37.78611,50640,160
47, 8305,-122.423863,37.798469,51120,109
47, 8305,-122.425111,37.805037,51360,80
47, 8038,-122.395135,37.777109,67920,104
47, 8038,-122.412248,37.807604,70380,12
47, 8038,-122.41263,37.77085,68520,166
47, 8038,-122.419194,37.775305,68880,185
47, 8038,-122.42006,37.7799,69060,133
47, 8038,-122.42133,37.78611,69360,126
47, 8038,-122.423863,37.798469,69840,57
47, 8038,-122.425111,37.805037,70080,62
47, 8041,-122.395135,37.777109,68640,-69
47, 8041,-122.412248,37.807604,71100,90
47, 8041,-122.41263,37.77085,69240,-17
47, 8041,-122.419194,37.775305,69600,-83
47, 8041,-122.42006,37.7799,69780,-140
47, 8041,-122.42133,37.78611,70080,-120
47, 8041,-122.423863,37.798469,70560,22
47, 8041,-122.425111,37.805037,70800,66
47, 8214,-122.395135,37.777109,70020,6
47, 8214,-122.412248,37.807604,72300,60
47, 8214,-122.41263,37.77085,70560,56
47, 8214,-122.419194,37.775305,70860,56
47, 8214,-122.42006,37.7799,71040,17
47, 8214,-122.42133,37.78611,71340,33
47, 8214,-122.423863,37.798469,71760,130
47, 8214,-122.425111,37.805037,72000,113
47, 8304,-122.395135,37.777109,70800,17
47, 8304,-122.412248,37.807604,73080,-93
47, 8304,-122.41263,37.77085,71340,-60
47, 8304,-122.419194,37.775305,71640,11
47, 8304,-122.42006,37.7799,71820,-4
47, 8304,-122.42133,37.78611,72120,-25
47, 8304,-122.423863,37.798469,72540,27
47, 8304,-122.425111,37.805037,72780,26
47, 8005,-122.395135,37.777109,71700,12
47, 8005,-122.412248,37.807604,73980,-210
47, 8005,-122.41263,37.77085,72240,-69
47, 8005,-122.419194,37.775305,72540,-52
47, 8005,-122.42006,37.7799,72720,-66
47, 8005,-122.42133,37.78611,73020,-112
47, 8005,-122.423863,37.798469,73440,-162
47, 8005,-122.425111,37.805037,73680,-182
47, 8022,-122.395135,37.777109,72600,614
47, 8022,-122.412248,37.807604,74880,461
47, 8022,-122.41263,37.77085,73140,617
47, 8022,-122.419194,37.775305,73440,578
47, 8022,-122.42006,37.7799,73620,588
47, 8022,-122.42133,37.78611,73920,546
47, 8022,-122.423863,37.798469,74340,511
47, 8022,-122.425111,37.805037,74580,477
47, 8220,-122.395135,37.777109,73500,45
47, 8220,-122.412248,37.807604,75720,-139
47, 8220,-122.41263,37.77085,73980,79
47, 8220,-122.419194,37.775305,74280,64
47, 8220,-122.42006,37.7799,74460,3
47, 8220,-122.42133,37.78611,74760,-119
47, 8220,-122.423863,37.798469,75180,-113
47, 8220,-122.425111,37.805037,75420,-104
47, 8038,-122.395135,37.777109,74580,58
47, 8038,-122.412248,37.807604,76800,46
47, 8038,-122.41263,37.77085,75060,111
47, 8038,-122.419194,37.775305,75360,16
47, 8038,-122.42006,37.7799,75540,35
47, 8038,-122.42133,37.78611,75840,63
47, 8038,-122.423863,37.798469,76260,49
47, 8038,-122.425111,37.805037,76500,2
47, 8214,-122.395135,37.777109,75780,-5
47, 8214,-122.412248,37.807604,78000,-44
47, 8214,-122.41263,37.77085,76260,-13
47, 8214,-122.419194,37.775305,76560,23
47, 8214,-122.42006,37.7799,76740,-33
47, 8214,-122.42133,37.78611,77040,-27
47, 8214,-122.423863,37.798469,77460,-32
47, 8214,-122.425111,37.805037,77700,-18
47, 8304,-122.395135,37.777109,76980,30
47, 8304,-122.412248,37.807604,79200,-214
47, 8304,-122.41263,37.77085,77460,35
47, 8304,-122.419194,37.775305,77760,-45
47, 8304,-122.42006,37.7799,77940,-114
47, 8304,-122.42133,37.78611,78240,-154
47, 8304,-122.423863,37.798469,78660,-111
47, 8304,-122.425111,37.805037,78900,-106
47, 8022,-122.395135,37.777109,78180,-327
47, 8022,-122.412248,37.807604,80400,-469
47, 8022,-122.41263,37.77085,78660,-260
47, 8022,-122.419194,37.775305,78960,-278
47, 8022,-122.42006,37.7799,79140,-336
47, 8022,-122.42133,37.78611,79440,-396
47, 8022,-122.423863,37.798469,79860,-406
47, 8022,-122.425111,37.805037,80100,-419
47, 8220,-122.395135,37.777109,79380,62
47, 8220,-122.412248,37.807604,81360,37
47, 8220,-122.41263,37.77085,79860,44
47, 8220,-122.419194,37.775305,80100,99
47, 8220,-122.42006,37.7799,80220,85
47, 8220,-122.42133,37.78611,80460,37
47, 8220,-122.423863,37.798469,80820,86
47, 8220,-122.425111,37.805037,81060,62
47, 8038,-122.395135,37.777109,80580,155
47, 8038,-122.412248,37.807604,82560,-110
47, 8038,-122.41263,37.77085,81060,100
47, 8038,-122.419194,37.775305,81300,78
47, 8038,-122.42006,37.7799,81420,104
47, 8038,-122.42133,37.78611,81660,-27
47, 8038,-122.423863,37.798469,82020,-13
47, 8038,-122.425111,37.805037,82260,-45
47, 8214,-122.395135,37.777109,81780,0
47, 8214,-122.412248,37.807604,83760,5
47, 8214,-122.41263,37.77085,82260,54
47, 8214,-122.419194,37.775305,82500,56
47, 8214,-122.42006,37.7799,82620,118
47, 8214,-122.42133,37.78611,82860,107
47, 8214,-122.423863,37.798469,83220,150
47, 8214,-122.425111,37.805037,83460,142
47, 8304,-122.395135,37.777109,82980,86
47, 8304,-122.412248,37.807604,84960,-149
47, 8304,-122.41263,37.77085,83460,39
47, 8304,-122.419194,37.775305,83700,31
47, 8304,-122.42006,37.7799,83820,15
47, 8304,-122.42133,37.78611,84060,-34
47, 8304,-122.423863,37.798469,84420,-93
47, 8304,-122.425111,37.805037,84660,-107
47, 8022,-122.395135,37.777109,84180,-258
47, 8022,-122.412248,37.807604,86160,-559
47, 8022,-122.41263,37.77085,84660,-248
47, 8022,-122.419194,37.775305,84900,-230
47, 8022,-122.42006,37.7799,85020,-257
47, 8022,-122.42133,37.78611,85260,-319
47, 8022,-122.423863,37.798469,85620,-371
47, 8022,-122.425111,37.805037,85860,-420
47, 8220,-122.395135,37.777109,85380,-86
47, 8037,-122.412248,37.807604,44161,-122
47, 8220,-122.41263,37.77085,85860,-200
47, 8220,-122.419194,37.775305,86100,-223
47, 8220,-122.42006,37.7799,86220,-206
47, 8037,-122.42133,37.78611,43261,5
47, 8037,-122.423863,37.798469,43621,-35
47, 8037,-122.425111,37.805037,43861,-53
47, 8216,-122.395135,37.777109,43381,23
47, 8216,-122.412248,37.807604,45361,-101
47, 8216,-122.41263,37.77085,43861,31
47, 8216,-122.419194,37.775305,44101,-14
47, 8216,-122.42006,37.7799,44221,1
47, 8216,-122.42133,37.78611,44461,-53
47, 8216,-122.423863,37.798469,44821,-104
47, 8216,-122.425111,37.805037,45061,-123
47, 8313,-122.395135,37.777109,44581,-213
47, 8313,-122.412248,37.807604,46561,65
47, 8313,-122.41263,37.77085,45061,-336
47, 8313,-122.419194,37.775305,45301,18
47, 8313,-122.42006,37.7799,45421,2
47, 8313,-122.42133,37.78611,45661,-20
47, 8313,-122.423863,37.798469,46021,89
47, 8313,-122.425111,37.805037,46261,70
47, 8205,-122.395135,37.777109,45781,7
47, 8205,-122.412248,37.807604,4441,-7
47, 8205,-122.41263,37.77085,46201,-67
47, 8205,-122.419194,37.775305,46441,-96
47, 8205,-122.42006,37.7799,46561,-79
47, 8205,-122.42133,37.78611,3601,43131
47, 8205,-122.423863,37.798469,3961,-108
47, 8205,-122.425111,37.805037,4201,-48
